alpha,g_Leak,vSTMD_AUC,vSTMD_F_AUC,vSTMD_AAE,vSTMD_F_AAE
0.1,0.0,0.010997781855192198,0.0267390928252375,1.1731543154897768,0.8078704279574964
0.2,0.0,0.010445618623308799,0.02435821769628845,1.0259993742104885,0.7666691161947697
0.30000000000000004,0.0,0.009532521551079028,0.02355590790234454,0.905461062762825,0.6791109467934895
0.4,0.0,0.008627930009069636,0.02089500076574451,0.8213937426386252,0.6638666863809944
0.5,0.0,0.007448264760159083,0.019918474638076267,0.7566332894165501,0.6399776069858997
0.6,0.0,0.006751977213982317,0.018876884661893672,0.8046739711683298,0.6205724476220966
0.7000000000000001,0.0,0.005972413996143106,0.017455934132599916,0.8100480951015329,0.6317953115505733
0.8,0.0,0.005586966960551574,0.01682010563370613,0.8024327114830561,0.6438042276088228
0.9,0.0,0.005463008276129042,0.016645425943026773,0.8668978377590939,0.646942613793594
1.0,0.0,0.005463441585631726,0.01664723031260108,0.8669108399483392,0.647581580196291
0.1,0.1,0.21457300761907455,0.39024686384065693,0.6147873271594648,0.5351039249196157
0.2,0.1,0.26527719564068125,0.4702329429107199,0.5403846994074378,0.4794867444057581
0.30000000000000004,0.1,0.2740361706763578,0.5212131992676143,0.575552164090868,0.4571464806751124
0.4,0.1,0.26449385535448455,0.558619789503181,0.6804651779359202,0.4705538075400195
0.5,0.1,0.2448304711046706,0.5816080096542212,0.8817897867776979,0.5050701030115982
0.6,0.1,0.21562289999058595,0.5930125350259816,1.125682064002311,0.557132448829499
0.7000000000000001,0.1,0.1846706803506502,0.5963645073376638,1.2752386549312191,0.5909675166210868
0.8,0.1,0.1650213942658673,0.595296175622215,1.3443365847869926,0.6131495644033405
0.9,0.1,0.15986673416623404,0.5948646007739679,1.3933140668409487,0.6205827883891059
1.0,0.1,0.15976549252152705,0.5948499815567744,1.3898559563649688,0.621195564029649
0.1,0.2,0.36957153149445005,0.4857326364200533,0.6344571607749208,0.4640584289962441
0.2,0.2,0.3936132756833415,0.5332339206265161,0.5438746417593157,0.42609425579410676
0.30000000000000004,0.2,0.3985552068050916,0.571697805669878,0.514167056373329,0.4083737223132921
0.4,0.2,0.38740977789351594,0.5973182537928642,0.5072839176560728,0.3966970253940624
0.5,0.2,0.3625748091848518,0.6134379829618971,0.5212422618579141,0.4004136879813148
0.6,0.2,0.3279701646278381,0.6227608604505538,0.5525321156776295,0.41451764458206924
0.7000000000000001,0.2,0.2927505729488701,0.624956251352755,0.6030443123502847,0.43029444511182563
0.8,0.2,0.26921676711979836,0.6234093033415524,0.6392001527696769,0.44613562414383906
0.9,0.2,0.2635183849834876,0.6229050568357885,0.6556214410855907,0.4511222556335064
1.0,0.2,0.2634645500880451,0.6228990415519909,0.6556248018730146,0.451230668412318
0.1,0.30000000000000004,0.4511095165354999,0.5262196074290373,0.7973467052818383,0.5124712029174705
0.2,0.30000000000000004,0.46904570261142736,0.5659245693576753,0.6676887251513179,0.4812684906140383
0.30000000000000004,0.30000000000000004,0.46030393555405535,0.5967116994955034,0.6082072462560786,0.46605948494311633
0.4,0.30000000000000004,0.43735966817037947,0.6131444434799473,0.5726566207616967,0.46361256159393377
0.5,0.30000000000000004,0.39490064005621967,0.6215781807009002,0.5528357227333625,0.47004983602851863
0.6,0.30000000000000004,0.347041554655756,0.6247842835074423,0.5285763347420008,0.47696284056046684
0.7000000000000001,0.30000000000000004,0.30461125163473585,0.6204059670775649,0.5572427167710198,0.48731543382942055
0.8,0.30000000000000004,0.273871974300662,0.6138231279047105,0.6421292120869753,0.5003836167631394
0.9,0.30000000000000004,0.26677412367373493,0.6121718467688626,0.6472319006094289,0.5022297051031591
1.0,0.30000000000000004,0.2667539100600038,0.6121100739824786,0.6472526139777711,0.502334420455953
0.1,0.4,0.5131221305360134,0.5568439809861206,0.9959017917841763,0.6682461138002103
0.2,0.4,0.5147215581288624,0.5950070049908646,0.8717656222272928,0.6360305811973077
0.30000000000000004,0.4,0.49096673719194817,0.6138239908555384,0.7904767646664224,0.6232129997619181
0.4,0.4,0.4411379005856856,0.6211286394325795,0.709671824883382,0.619477307510967
0.5,0.4,0.3813990382838114,0.6200402452519483,0.670589074834804,0.6219448639725607
0.6,0.4,0.3175744739855986,0.6125600531844464,0.6932740454905422,0.6315310246478087
0.7000000000000001,0.4,0.26254391252958087,0.5996605472686763,0.6786295614950335,0.6458434271501075
0.8,0.4,0.22979636398403983,0.5870773279633344,0.6766733292315231,0.6543779312969692
0.9,0.4,0.22334064475202223,0.5839066547150429,0.681742146601215,0.6598914709586995
1.0,0.4,0.22329292315292112,0.5839025982431223,0.6817292680012209,0.6598792499982475
0.1,0.5,0.5567983268108412,0.5848388218807656,1.181541747860225,0.8576023487175378
0.2,0.5,0.5448578921308791,0.6154053206917188,1.0679914115361244,0.8292729946051196
0.30000000000000004,0.5,0.49442334111337527,0.6222924236109683,0.9971161815595737,0.8158186477385496
0.4,0.5,0.42758299506249675,0.6164316379565323,0.923678397143383,0.8157791623991081
0.5,0.5,0.3484500668407845,0.6043423781025244,0.8647047860401481,0.8324556764470973
0.6,0.5,0.2710777552998224,0.5853826256943112,0.8263340607671785,0.8401130125061407
0.7000000000000001,0.5,0.21677389818845985,0.5651497084302002,0.7955118702904939,0.8442953518335516
0.8,0.5,0.19105864003932474,0.5485531706227261,0.8038772029288916,0.8560879530051494
0.9,0.5,0.18489805802748427,0.5445945892285788,0.8249965800880688,0.8593224203796188
1.0,0.5,0.18486170025824547,0.5445673253960941,0.8250341486036978,0.859177574968318
0.1,0.6000000000000001,0.5867202294637863,0.607944684291442,1.3306462850684726,1.0513216911240881
0.2,0.6000000000000001,0.5544871325056402,0.6283677016122828,1.2534707836509853,1.0291979482112434
0.30000000000000004,0.6000000000000001,0.4836876112693382,0.6193466085943098,1.214541689257463,1.0270433389892106
0.4,0.6000000000000001,0.3995990907765731,0.6020178695478907,1.1405885209756734,1.0393459227706283
0.5,0.6000000000000001,0.3077294191321396,0.5790172842997751,1.0680564568497963,1.0445051698673364
0.6,0.6000000000000001,0.2328195422926852,0.5497343606316204,1.0285868352538916,1.0437665946115111
0.7000000000000001,0.6000000000000001,0.18388937065476477,0.5210832845043348,0.9413508659766239,1.055146711301781
0.8,0.6000000000000001,0.15221472893069987,0.5010618463501713,0.9283024647302549,1.056667343850151
0.9,0.6000000000000001,0.14545501511417425,0.4966675827398366,0.9274150458954049,1.0593982474183128
1.0,0.6000000000000001,0.14541667710397901,0.49661055832939177,0.9272683760897203,1.0588797946760613
0.1,0.7000000000000001,0.6048376997562613,0.6267927043852273,1.4504688469464833,1.2423791616240851
0.2,0.7000000000000001,0.5519501827002041,0.632969537609772,1.4130736189727584,1.2234217463066497
0.30000000000000004,0.7000000000000001,0.46072281820630007,0.6073481648866758,1.3719010251204649,1.2253514628008984
0.4,0.7000000000000001,0.3619209812348768,0.5768179488135016,1.3418489263213431,1.2270760355714034
0.5,0.7000000000000001,0.2717305457310691,0.5428858280938101,1.2772854812343466,1.2238756186428013
0.6,0.7000000000000001,0.20070694324408175,0.5050170740970107,1.2083626738041457,1.2183488150774224
0.7000000000000001,0.7000000000000001,0.14499340349531462,0.4706081817118206,1.1354026023050579,1.2090286221969897
0.8,0.7000000000000001,0.11349035990036614,0.45175766242120735,1.0974621446983785,1.2127726471178282
0.9,0.7000000000000001,0.10742720916098379,0.44739765384461494,1.1218661916266943,1.2133453708108959
1.0,0.7000000000000001,0.10737386917746089,0.447384467699493,1.1228301899089121,1.213270278975331
0.1,0.8,0.6074681432884169,0.6306544412741059,1.5266718373944965,1.3996137751158082
0.2,0.8,0.5333092340746054,0.6219455576949745,1.5126404080416014,1.3886942955207002
0.30000000000000004,0.8,0.4297696046491987,0.5823381558313718,1.5055848417761701,1.3813384759838319
0.4,0.8,0.32685344565075863,0.5416838693530065,1.4903687313436467,1.370560451149073
0.5,0.8,0.2371604021388709,0.49891746606156834,1.4297432190492778,1.3596738577008107
0.6,0.8,0.16516286817434214,0.4553585847147731,1.3688241322228014,1.337236173039471
0.7000000000000001,0.8,0.10970306510319217,0.4237278546464946,1.3324577006764717,1.3236772475382435
0.8,0.8,0.08151182897139687,0.4034112614121927,1.3096171333917515,1.3181859131114948
0.9,0.8,0.07530767068648848,0.3993348517545917,1.2996055094739958,1.322256768819309
1.0,0.8,0.07524603221384413,0.39899029015519527,1.3007814733232779,1.3219726932089348
0.1,0.9,0.5874847643130533,0.6170394988070156,1.5642800664970498,1.5292644210316748
0.2,0.9,0.4986912653895428,0.595337400203231,1.577107510322182,1.5053793236976158
0.30000000000000004,0.9,0.38778703785838964,0.5431216651892252,1.5897247585561143,1.4937626709452758
0.4,0.9,0.27774739808368176,0.494581666861425,1.600419753544274,1.4653774222768636
0.5,0.9,0.18644448209743816,0.4444799199575363,1.5523838215891277,1.4432884415370497
0.6,0.9,0.11534178453602713,0.40587285782216814,1.504742309410587,1.4110629960047445
0.7000000000000001,0.9,0.07985889521710263,0.37214842635249756,1.4746518102206903,1.3976393066866044
0.8,0.9,0.06433128504240215,0.3495855224980795,1.4446750216621684,1.3912419317471736
0.9,0.9,0.06104334261859877,0.3439816115252874,1.4180639168363531,1.3977579653750836
1.0,0.9,0.060996982433281804,0.34393257485279394,1.417729488505007,1.3974130561754259
0.1,1.0,0.41448794575394965,0.5762159165008209,1.5365796215372385,2.0435557162315874
0.2,1.0,0.36574999212408354,0.5819414762766747,1.5747293989942381,2.092060504813577
0.30000000000000004,1.0,0.32958027979351695,0.5735022005696491,1.5654739579193613,2.120304792094699
0.4,1.0,0.30826266993742013,0.5664501567992483,1.5741235842239678,2.1293353865296782
0.5,1.0,0.29292797281515415,0.5620282611150577,1.5888628587819738,2.129885339962137
0.6,1.0,0.282856161066645,0.559971858889699,1.5874560337028993,2.1149444125295456
0.7000000000000001,1.0,0.275070958838319,0.5619553451655888,1.5784068952883663,2.0898552742343663
0.8,1.0,0.27248300673422454,0.5643593546700487,1.576624027852387,2.0733843838502097
0.9,1.0,0.27140884466259096,0.5644973059751849,1.5761110741992461,2.069615229899069
1.0,1.0,0.27140196147454904,0.5644891124650493,1.575423341681641,2.069343699208137
0.01,0.01,0.018260248328559492,0.07108583425904996,1.1325356180868034,0.8646097232679228
0.5,0.01,0.007727986748301974,0.05546596484752763,0.8073205216163336,0.684848028306703
0.99,0.01,0.005629084165184205,0.03388569777863055,0.9106377223670123,0.6157835539592882
0.01,0.5,0.4278808556172097,0.4584014740728218,1.3461400815313354,0.9632465361383938
0.5,0.5,0.3484500668407845,0.6043423781025246,0.8647047860401479,0.8324556764470972
0.99,0.5,0.18486170025824547,0.5445673253960942,0.8250341486036976,0.8590915442039694
0.01,0.99,0.39410982600099803,0.43788608023677406,1.527740446146331,1.6397085302668073
0.5,0.99,0.23985510733139692,0.28976694744314274,1.5043646697211066,1.6869548724262393
0.99,0.99,0.2531256495459203,0.27659540495381746,1.532057805711109,1.6883527592667165
0.31572921870681203,0.8465796954674041,0.3968735844949016,0.5589753591673744,1.539387445033321,1.4364825320148007
0.15060307308900964,0.4728577338427789,0.5459683021241643,0.5965657024419118,1.0730463056982835,0.7869932780905309
0.13748531227380326,0.5288350597125636,0.5652790523235736,0.604147430770912,1.1816910439503854,0.9005673020888438
0.45145541243406934,0.0660548730086006,0.16274932846605025,0.5202848087713381,1.1897988990815822,0.59299504656973
0.7159681586685314,0.6038949756721609,0.175969248290382,0.5144030463328986,0.9571260129917917,1.0622739208828913
0.9712739689800138,0.18630452454577742,0.25608741760953463,0.6221989104031195,0.7044000258509557,0.4554931678481734
0.28740046909649214,0.7098311669852484,0.47039484152201405,0.609408519519565,1.3838780798479295,1.2414753514592667
0.900756275934901,0.46790513308669573,0.19688788437763147,0.558846226507627,0.728672259405796,0.7946929452339482
0.7033782158825039,0.34527700712941944,0.28743223824919456,0.6121573682877895,0.6408669721652005,0.5469021178799357
0.7895138179707405,0.5535080505203905,0.17320586699517188,0.5253121857555252,0.8523663230112092,0.9678226580310886
0.5029911670141592,0.11826835778671659,0.2750152846236064,0.59327903176405,0.7306319737611169,0.4642536160888586
0.6592780487163971,0.3531944202333745,0.30400980087140067,0.614720200505712,0.6476544702847639,0.5530340024342846
0.7677447282975131,0.4481685295309875,0.21586185454179613,0.57288797516039,0.7247509579909382,0.745465773867596
0.2981703707962388,0.9475827086421916,0.3517839526679177,0.5204522191998567,1.620785148040415,1.523817249979636
0.1933274022738411,0.678004046352111,0.559663840538418,0.6358069674101756,1.3804473573297336,1.1860416642103753
0.6127364518793983,0.9691448025785735,0.1325826996180086,0.2926372577713269,1.4501148899573024,1.5214107056855672
0.7828445164636744,0.7116467671682806,0.11287694702106428,0.44806224398826017,1.1285398348949247,1.2277820551278296
0.020669084527841636,0.2972465413712997,0.3881379313569014,0.43423853183004557,1.123372540644335,0.6383141922199225
0.6406323370964709,0.47974161481807626,0.25514928747091686,0.5838111023349989,0.7606356785666013,0.8005673631069464
0.40447487901860313,0.13623379007917344,0.3212665385442266,0.5803570895087135,0.5519983614508086,0.4230189226366262
0.5237031650980591,0.3871813427880854,0.3707360100484819,0.6203748535506836,0.6309894220686839,0.6003401412505258
0.5609142323022236,0.5212689671983726,0.28945129074130826,0.5879495880518704,0.8820884966192797,0.882014363740086
0.5310499133966718,0.7851840610510543,0.21848916100056393,0.4926284873589237,1.3723042849065836,1.3418491461680893
0.6949698138350503,0.7812347968306939,0.11877622519458991,0.43321174645772587,1.2833775687057933,1.3067091339448256
0.6153681734328008,0.924878532698206,0.10281127879957012,0.38307464292758747,1.5030583986874337,1.4323875793803287
0.6876785759495533,0.7340446944198509,0.1390777574365046,0.4575791067871724,1.198893118426199,1.255236182371033
0.46397036825530447,0.27109956399499957,0.4077661298868485,0.6173829153461687,0.5350609959846357,0.4360612604249304
0.13000639502789968,0.37276623885419596,0.5012558751037622,0.561944396940205,0.8884058768576161,0.6018367324546116
0.6316618441619701,0.07304996746297666,0.13638875993820418,0.5545397579005925,1.5219742847204822,0.6897218385756464
0.5918054838365868,0.9110205662569373,0.11513306712283687,0.4015461680163718,1.5170577113699437,1.4208024864500108
0.8902033954595083,0.897513392923986,0.06074443008945965,0.3457593697437702,1.4159871035234843,1.3945979812326261
0.3288705029226839,0.29832733640552633,0.4528054974378655,0.6027082269894769,0.5965493473800263,0.46172665154555387
0.13123300942238336,0.11154169641878907,0.2600595438133995,0.43575837720853844,0.5704256518171561,0.4990403377863352
0.8886361744066417,0.7669529855076577,0.08496075901683788,0.4151811861416569,1.249572013977277,1.2910647468954497
0.6448219590958346,0.5297638045893205,0.2321131821901962,0.5653893961268109,0.8752162499688938,0.9053788359692161
0.5327142185709708,0.32792561458532515,0.3766082569106312,0.6237365332053917,0.558177876670853,0.5045942811129017
0.32420507298580686,0.9058033002148865,0.3568557888206675,0.5283649959317125,1.5958986094981285,1.4915954902305357
0.8715941791758088,0.8398712133942124,0.06456129509455824,0.37996165807239063,1.389048142159865,1.355925228470933
0.9646244204556125,0.8134799571071754,0.07112944757072688,0.39206996932714255,1.323285472288193,1.3322880169262614
0.10471199339925051,0.22959214802548067,0.3980661351774587,0.5011219938865237,0.6679196771273496,0.46345690282345886
0.35426361363429193,0.5191359504364497,0.4570947830032463,0.6181527845906272,1.0057611994465347,0.8578573008700047
0.2504122708845374,0.10055201583859702,0.2751215604256014,0.4998162360602026,0.5493160414200361,0.4608598508177691
0.20564524269762902,0.7785909222367736,0.5326390136123165,0.6237257154160731,1.4948236197298115,1.359599786501143
0.6331058963368935,0.25695680350657973,0.33218018738129795,0.6248497765744806,0.5266687172902758,0.43989252496609793
0.46942039966224125,0.17316786217362393,0.3507704466248333,0.6028224808334888,0.5276826968357304,0.40307667927383667
0.18745310636787,0.37558822252431684,0.506695737619263,0.5846033007804987,0.8276094864999113,0.5938880818774182
0.9442045415252048,0.3569228800730838,0.2455344534235735,0.5985317314154357,0.6653484346946892,0.5824965769854887
0.6342693872476459,0.6030795908456806,0.2124055956388649,0.5374188750608525,0.9937680227253836,1.05740574565731
0.1704850955422229,0.8243503516923711,0.5561641246401451,0.6273256456710021,1.53838594537101,1.4326628603704734
0.9240964936035284,0.9445775550226589,0.0802566282775536,0.2840812702060877,1.4360386544447905,1.4761091585467072
0.3918432473234255,0.2983377182001411,0.43921058180362094,0.6128242159004188,0.5738084995454248,0.4587060875818146
0.40013264360820294,0.2979864384242011,0.43674878204704604,0.6131586166298247,0.5717560889539337,0.4612847849238655
0.39999290897205697,0.29793531749005653,0.43674286118371414,0.6130933233725832,0.5718413751367614,0.46088480523325753
0.3742765637995649,0.2996370237370121,0.4447209215047084,0.6107894983149021,0.5847207841960833,0.46163757244721815
0.3951194267235064,0.29765569925640173,0.4382660067055971,0.6131091334649782,0.5717329635114816,0.45949976939603243
0.6549480866569686,0.35355141225147985,0.3058798527187961,0.6151653030002509,0.6490681583113854,0.5539481962769258
0.34631286541233736,0.2984751451506974,0.45005567140202424,0.6059188780523069,0.586579591247817,0.46167987174628794
0.5283834445236183,0.32758224039643674,0.3790645028442348,0.6241001439831737,0.5575864577479892,0.5026726246386631
0.6486766193773301,0.35331338329393486,0.30946836025963304,0.6158188257592698,0.6461308287547699,0.5506283028318497
0.15273875288195976,0.3737812914663656,0.5037600973512236,0.5718304497422997,0.8639818822735787,0.5976946593039195
0.6253620626537351,0.2575070942360652,0.3351339311971403,0.6248258525975013,0.5231346008806593,0.4398956919382265
0.3959300341926816,0.38257961222204107,0.44514942251236606,0.6201011833046842,0.6747624343367733,0.5889318937221738
0.5042318411268268,0.3865336419353435,0.3822746337504295,0.6209790707028673,0.6430585135351116,0.5982149396975621
0.47304154528719733,0.2705892893725892,0.4044821351617001,0.6182735086541351,0.5332535424913297,0.43664480878858924
0.4029802956031665,0.13674693786300193,0.3222056906536501,0.5803124342818453,0.5501496867843498,0.42259236632569935
0.344642714265456,0.381104109450351,0.4700351575217499,0.6163923971236132,0.7182219912598619,0.5859406319569588
0.2440729651389347,0.3774357419542526,0.4997478479260011,0.6014404406140452,0.7866209567361855,0.5888189757334111
0.45873814072481933,0.17282954854650404,0.35275176428324945,0.6014092660834978,0.5233412075133596,0.40213591975918783
0.37214547964519806,0.3826259209759426,0.45700783661655725,0.6189649008439214,0.6986092548361764,0.5882777412279344
0.6148764761083102,0.25699166347736896,0.3395607391431125,0.6250155075964879,0.5213660747019626,0.43888076551869437
0.35116435326470125,0.29773737710382053,0.4489208543540865,0.6064481418925263,0.5858112232633006,0.460867785172101
0.4806994148160461,0.2712085931647572,0.4010001107907856,0.6191471416302798,0.5327418410842202,0.43775192405845903
0.1185435405113472,0.23034529690822028,0.4041186007195565,0.5078780375185794,0.6487329027098248,0.45679145413574795
0.12373624032897376,0.3737864784548671,0.5019889153972021,0.560213787984885,0.8936740311036754,0.6078528939892622
0.500753309213381,0.387348631572503,0.38415584497480243,0.6211586502376799,0.6457970896339689,0.5996706697627475
0.542490444452173,0.3275001695085331,0.37146803286540103,0.6240717181990145,0.5571933021476236,0.5043699382629537
0.4524102476839354,0.1733706528300559,0.35481850302878604,0.6006412246926182,0.5197035869250519,0.40139128508110267
0.384935991315599,0.13645750126097486,0.32460182201407006,0.5761193313255394,0.5400061236274493,0.4228921272383966
0.09064254638800792,0.2304014419200949,0.39572061149396615,0.49486035750567825,0.6927555409231386,0.4736290671365387
0.26870315625101376,0.37917452434411764,0.4950202194743332,0.6072227502533903,0.7748901491142263,0.586632481733892
0.21587383903467472,0.37753991142171783,0.504396317591615,0.5940455346837554,0.8102514248855535,0.5950062781456958
0.4261573953437604,0.38427351176028696,0.4270591142928831,0.6214327845572308,0.6654326051614192,0.5919564067587338
0.4386451148804684,0.29635856793027243,0.4221347481494757,0.6163841884481055,0.5538131230925101,0.45958629554260816
0.41663653934483835,0.2959985177340868,0.4307111040720035,0.6144885343018932,0.5617929414490977,0.45870985614861093
0.5320073598336855,0.26425765492591113,0.3772620454020295,0.6229244158742939,0.5241220594611472,0.43412565352239324
0.55496734574093,0.2623318469738353,0.36667437344645026,0.6244367636038243,0.5185797112671516,0.4346477293432862
0.5632320596910738,0.2635527272393522,0.36299809479607376,0.6242528588388461,0.5187035511988132,0.43756838623936
0.5138671447889847,0.26676734433366117,0.38570792717819685,0.6219040388064956,0.5282124998935197,0.43449417129292306
0.4621019908493745,0.2943818301718673,0.41224577521757627,0.6183072667225858,0.5491937367159707,0.4622677553048167
0.5913226098650156,0.26060928368506886,0.3496285917345338,0.6248238308504832,0.5192363027113412,0.43985182282095237
0.47768034942363047,0.2735332446160921,0.40322952273260393,0.6191128297060995,0.5345010376453148,0.44004141390365364
0.5018967692146783,0.2908688954741484,0.39412354233572167,0.6212960118571283,0.5455070489242955,0.46041474379144837
0.5235573909235278,0.2873853683279087,0.3827801382432811,0.6226581735414152,0.5388778987186983,0.4581334981589742
0.5272076858559833,0.2822771822244347,0.3814294795715773,0.6228455031952481,0.5337810461682404,0.45220333775294574
0.5129240196646377,0.27855846146074725,0.3886334065781688,0.6222070419363556,0.536183271621605,0.44712613021301273
0.5122271269466225,0.28485682226963366,0.3895427577111952,0.6214981952981766,0.5391862172926754,0.4539200895697711
0.3513319944663493,0.29880773991848236,0.4492369358079228,0.6066008599372562,0.5869491728448839,0.46226029739942903
0.49708234852115146,0.2888482880989528,0.3958979225460993,0.6205276446794855,0.544935492907339,0.45597197989019106
0.5048408150544524,0.2805137092147638,0.39146416205002865,0.6212612484465272,0.5374910182235183,0.44886097733877794
0.48924562156063917,0.2765506806119936,0.3988398528234549,0.620527576009813,0.5352417483378658,0.44300298061981946
0.4698346467842622,0.2921220621680195,0.4079629229985592,0.6190074611575934,0.5477353025383817,0.4601085015872431
0.4784373309996753,0.2675331018545445,0.40132927675644786,0.6186279352353558,0.5326662400554443,0.4341822521413337
0.4570242819748726,0.29966837007321656,0.41477017228016716,0.6180655325245998,0.5572155196910625,0.4670962461741113
0.6219094821525297,0.25430126732487573,0.33622272971586536,0.6255056912048155,0.5222265705269041,0.4380948935250713
0.5747283067830222,0.25336301160285846,0.35671115562552413,0.6248682706958931,0.5147353357042823,0.4300817794532495
0.5786633674158985,0.2514668671205658,0.3543755280033848,0.6250176971316675,0.5189539804680128,0.42976188320441683
0.4682870950145563,0.17683837443789574,0.35549888731684076,0.6031651273865926,0.5231683851402965,0.40089657356375297
0.45441455987343504,0.17613453553006625,0.3575192414635309,0.6008330455521064,0.5196404671622387,0.3999561350922745
0.5192770001561196,0.24986627115534357,0.3791142737454265,0.6210366572101336,0.5222116594716398,0.4229467192129434
0.49653972502505844,0.49761844527401616,0.35167490306383864,0.6051578394014856,0.8627712100563121,0.8265689134676251
0.49802234027899717,0.49879912025881995,0.35036054452600457,0.6047464255716336,0.8662036792831097,0.8301534987348466
0.15581765547514093,0.3685945553987212,0.5014728235990835,0.5711070672038087,0.848961674833047,0.5883411757250314
0.6543652022380031,0.35278183988985756,0.30648426161868914,0.6154146608612933,0.6472931083121928,0.5523774146931445
0.34488428476951877,0.3749524475768767,0.46968332201481877,0.6157708853158227,0.7044132691978184,0.5747522866198584
0.21583703151455869,0.3727714581699925,0.502540329866486,0.5928297621311095,0.7988804818399009,0.5865811468439426
0.4010443165877133,0.13968440152980052,0.32624200680984927,0.5812383621280032,0.5423399156681195,0.41985070698567584
0.12021265220700768,0.23668306755844185,0.4096768828116472,0.5112928691603746,0.6547063404735979,0.45803030060364164
0.42518425666123244,0.3765831292460951,0.42829368431581855,0.6211398880459938,0.6485572759489855,0.5785355252032868
0.27293929839593467,0.37283042424888063,0.491763008904739,0.6067485290634835,0.761282185440181,0.573782307764569
0.519992871407607,0.38195307320691685,0.3734666790793272,0.6205719172005012,0.6260483210866826,0.5934447558113621
0.5072041965632957,0.39794189600358587,0.37787530434062033,0.6195492167299147,0.6616703019296809,0.6183826826389384
0.12514042740241793,0.3689329579839324,0.4995780387325298,0.55934789078788,0.883187984246892,0.597125523823839
0.3895952346690669,0.1332473330336558,0.3190263740386433,0.5752857607403408,0.5485719807402121,0.42596944542377235
0.38127059095915816,0.3759126194447713,0.45264302869456197,0.619176561555689,0.6793169383653912,0.5741914578766076
0.5862410378312328,0.25539831323248485,0.351226174860776,0.624687452428706,0.5169425363360837,0.43373880807121
0.6553615199730586,0.35532836117364724,0.3051432521025092,0.6147401804882312,0.6492611755718091,0.5569749327598452
0.652011986496661,0.34873372158445864,0.30907434439254516,0.6159442200360287,0.6422764340213701,0.5443854732678381
0.41340166166561865,0.1467865891682833,0.3335516524711774,0.5867825176545542,0.5338703290954006,0.4145918414160835
0.46390585782340177,0.372544576825067,0.4064343500270198,0.6223302316380942,0.6249696051392689,0.5771178321806569
0.18665568092360305,0.37122578007858925,0.5050293640263903,0.5834085947244854,0.8200835731192414,0.5860424484173192
0.505578768767457,0.2498150664841409,0.3849850725062753,0.6198689372690034,0.5224424323441778,0.42209834254724743
0.31314819035870617,0.369889764296401,0.4801179823593569,0.6118292949159155,0.7175037030197181,0.5703306094713245
0.45360548306475285,0.2845621105119252,0.4151563160389007,0.6165625813833894,0.5431254241814318,0.44818611708035677
0.540768921666094,0.347788081479027,0.36886250026991685,0.623256519403788,0.5743312810380616,0.5361996877347047
0.4816917454591103,0.32040363934904,0.40330753337960273,0.6210777128196862,0.5713734777469363,0.49330614335153405
0.25970009709548597,0.3754283660792309,0.4963565225602668,0.6042090604396045,0.7719562450100584,0.5807828268844843
0.4092861119935924,0.37912285630119663,0.43737634882315346,0.6207998726697632,0.660162610134929,0.581646257002054
0.0937830169748547,0.22613042077688067,0.39293186578406125,0.4945959556490018,0.6838009750934652,0.4719335649243994
0.44337605387671153,0.3776610650572296,0.41779729325608134,0.6214033156902106,0.6413656284222733,0.5825403981321504
0.37047619335126786,0.29110433220055165,0.4421608695628081,0.6084741043050762,0.5747807178557384,0.45198795450843726
0.29392371807389256,0.37312639833789707,0.4855292743669508,0.6088509701115276,0.7425982136859103,0.575114791856951
0.5122107225422129,0.3113966400913882,0.3884448966073058,0.622636846339797,0.5530685887548621,0.48099216882597556
0.3379081486544098,0.29161000853271596,0.44877090031802386,0.603065779810697,0.5845189596871634,0.45528964179464393
0.3596402650146973,0.37830579838273587,0.4631079599057687,0.6175317283807723,0.7014453020362265,0.5817520442632942
0.46650358950444687,0.17633694687393786,0.35536932887040323,0.6026894052822316,0.5224405284720686,0.40136184095336125
0.4676161914134487,0.33785076675695247,0.4085344676907332,0.6209845954734338,0.5858596890734697,0.518281941820781
0.4761929726904623,0.35758927863714135,0.40172884610664894,0.6229470722848012,0.6049277833154579,0.5503367636160019
0.5302444931003194,0.3088459184773915,0.37982750036556573,0.6228886036216688,0.5438786977383643,0.47941503555511483
0.44112242262792123,0.1671524312302454,0.35133844383730783,0.5979322764949971,0.5215995868799695,0.4038783914789049
0.16819152184649472,0.37194193560260275,0.5047746180916501,0.5772061123995671,0.8409424640956417,0.5920114122166268
0.3288495700745251,0.3752234866448832,0.4766320546150964,0.6137207728542432,0.716804560589644,0.576769201445253
0.20116266821641396,0.37407380954108577,0.5045602734716117,0.5886950989175364,0.8125932121519983,0.5888792327790737
0.4226652569807595,0.30551214414256994,0.4297956535295455,0.6159429981403346,0.567217430319991,0.4698200612115465
0.4663528069053742,0.3179128140190817,0.41058392582333086,0.6194525494236466,0.5695081922460246,0.49122161448496265
0.5055928961971897,0.23323004057101132,0.37872156268397966,0.6186324914756078,0.5194263617082701,0.4108613882763834
0.4599594003353471,0.35871081233094637,0.4104570748493883,0.6215818545846435,0.6128758488350033,0.5513245360278621
0.44552823932939184,0.3158776769243103,0.4204184938620355,0.6183310742703358,0.5715305705574378,0.4878930389069075
0.4994159747842323,0.4899922583496357,0.3529414519274826,0.6062555282862909,0.8470243935973476,0.8104571394648846
0.46472465387821077,0.2799627156583749,0.41020849221434164,0.617698143762483,0.538988478860231,0.4450539145213971
0.6005368138865625,0.25546481218492595,0.3453055333124848,0.6252176971723746,0.5202671450726913,0.4379805148543084
0.4873891621490029,0.3050004339781931,0.4007873738669532,0.6209711967940232,0.5601284252091452,0.47479981907813146
0.2291034459001091,0.37547979642532764,0.5016116986048688,0.5970193119337764,0.7922088598455902,0.591835291070973
0.3345786576699497,0.3026879638905025,0.45356499099200637,0.6045096739236732,0.5975787203688095,0.46560673955028004
0.473298979752987,0.18079302424080218,0.35782137428388294,0.6055803100625402,0.5229809766138513,0.4019840039752763
0.6289646936150629,0.2528276876036495,0.3331879469074412,0.6256889623879693,0.5239960611669442,0.43722436809267873
0.5323403497930994,0.36485177075430264,0.3705064936093403,0.6214667286616721,0.5946617743731606,0.5641193392258879
0.543631164460589,0.29020585399910825,0.37307800856998125,0.6235223969218056,0.5359465153862679,0.4626762127641091
0.5436253222847813,0.2737712501001187,0.3727064511931064,0.6234185126109536,0.5282090331177568,0.44582839798146684
0.4989126116923234,0.3257613165722898,0.39398559072622164,0.6225849945457594,0.5692119239308461,0.4988563209815176
0.4817172223500453,0.37582203863235475,0.3961637087683388,0.62274156112593,0.6306059763964519,0.5813279415671807
0.5316037603531264,0.34709961110766074,0.37370454528431457,0.6235406279889958,0.5782661810826345,0.5346305132702195
0.5487468428856946,0.3085403953316389,0.3710923141583839,0.6246983321080818,0.542535164198385,0.48194673106836383
0.6286101564870173,0.26199607141701203,0.3347762076473508,0.6248241734466107,0.5264356854463024,0.4417223191446822
0.5770164236455095,0.25869237672865164,0.3557842671363614,0.624381622987667,0.516336799399062,0.4357290096564608
0.4524074536467169,0.333694242571288,0.41724301444205986,0.6197503609518275,0.5830745774491097,0.5096280099380245
0.40694944500485675,0.30637910404463514,0.4360742603839413,0.6143586647340914,0.5735930214465527,0.47113616401812797
0.3563181783856454,0.2901423316991064,0.44484682493756766,0.6064252555543643,0.5777952006645771,0.4507872012252824
0.4984376192187533,0.3120311543823123,0.3953497026041033,0.6215003386921665,0.5617837049378696,0.482791728740848
0.48722160126230835,0.34054276449670756,0.39844649414421246,0.6225757941939394,0.5852042381952478,0.5215138058511399
0.30290995462554016,0.36278504000877926,0.4805587840459382,0.6084680025933702,0.7127902193643871,0.5604474826656387
0.3206022472181665,0.31772025257804126,0.462819068962786,0.6048272520696437,0.629238081148157,0.489018121778074
0.318492360275803,0.35713622868699,0.47509372972989294,0.6102932277900721,0.6912253343262179,0.5486766984657742
0.31556832975969,0.3360051702483508,0.46998310914961705,0.6062039212687369,0.6586402395373316,0.515592795337071
0.3244810087782632,0.32901491057510546,0.4656633457643928,0.6066642002098552,0.6409688439343553,0.504084859446818
0.558810214395535,0.32256882722632035,0.3635183469644223,0.6244440205948918,0.5478057894022077,0.5024991586343427
0.5620332506688511,0.3049108454176696,0.3642477445123203,0.6248154036385544,0.535774728030301,0.4815106995697867
0.4989067835217611,0.23425982729055708,0.38153056874797414,0.6179674468622022,0.5204750545351938,0.4109350723916666
0.4975087206128353,0.22028653862830788,0.37510044204585336,0.6165296390015583,0.5158657090787654,0.4047926793620877
0.4948174401491633,0.2626988018539168,0.3932172258333507,0.6197575441142846,0.5305777690701332,0.4301832731997662
0.4915774806851502,0.362518647971502,0.39299978542515585,0.6233327670166278,0.6063280756065805,0.5574461684465593
0.5417536579611535,0.25584852171500605,0.37048779497397427,0.6232533083360584,0.521496888791846,0.42822153971325166
0.5109312236711211,0.33594341395535526,0.38705547641120125,0.6234450763007684,0.5715598274038559,0.5132383493505518
0.5564871579228076,0.2887951381508813,0.3671644126993234,0.6241345391237301,0.5279487000665615,0.4613908991233362
0.4460014906366477,0.36385923091521055,0.4174911059542594,0.6210585868303697,0.6206283309021713,0.5599914114257036
0.43493214267445013,0.32963094844168056,0.4262098847774985,0.6183409258368865,0.5904969997084835,0.5043741992222632
0.39656098940668616,0.37479942894502427,0.4447000992394675,0.6196629148138049,0.6631428906968161,0.5746719002754087
0.499653171528521,0.4190545632640194,0.3764829192397236,0.618208766391447,0.7073663589042569,0.6616391007240014
0.494040205884279,0.403798710876838,0.3841570816904771,0.6203106161557882,0.6771466478078405,0.63173777969019
0.4424353999115763,0.3441801239600913,0.42201219609288887,0.6199100092475431,0.5951137569869646,0.525375558458118
0.43427459765399423,0.28489752322033585,0.42232976182224347,0.6153876872316721,0.548547934547935,0.4463100844187534
0.41795856316226826,0.3266349764612638,0.43425040037184176,0.6166691881262935,0.5921146193090782,0.4982847037307685
0.3953298875047163,0.31511713178672385,0.44167899627868035,0.6140017898955182,0.5878601741270388,0.4838371141129354
0.4047189123214293,0.3301348649321055,0.4399610917393192,0.6168379559404901,0.6013739895941754,0.5026486567728956
0.4197196938669895,0.3435694619106859,0.43386092306825325,0.6187060875731558,0.6125193965525261,0.5236537049594207
0.4500686562454189,0.16970715748727125,0.3516715744623718,0.5993350332071046,0.5220916269863738,0.4028728192529842
0.5744005834315172,0.3144521505202211,0.35685036124380226,0.6241638788259022,0.53801074587374,0.4916083894121313
0.5760648478546936,0.29995586309887284,0.3578373597566199,0.6247641098648695,0.5296571725644839,0.4748473597468289
0.6227299447575142,0.3066414200454337,0.3363363185315277,0.6231200734790716,0.5297891572776282,0.4890845308726007
0.5961301833192706,0.305999303474375,0.34811854887894506,0.6246325390279296,0.5322822227612319,0.4834624002073492
0.6149102834421344,0.29733547881915917,0.34105251924836505,0.6245496954532408,0.5264762471097958,0.47772926219899287
0.6122822398169323,0.30895949015723784,0.34110318971445625,0.6235266457223285,0.5318765289138236,0.48936724898987866
0.4277605476666393,0.29323694432118264,0.42638790138925103,0.6154662925837444,0.5569208800514895,0.4561324394054857
0.5957128815934539,0.29297120731952636,0.348903340020203,0.6247670976935307,0.5243348873338892,0.46831320351432926
0.34335827366412797,0.2732988019372131,0.4404116239956161,0.6004109737734338,0.5597551590490641,0.43653750587660095
0.3326364304382951,0.27452967000999073,0.4425106381639221,0.5988362923287561,0.5635425543083482,0.438425687540924
0.3373686880811861,0.25934187093831057,0.4353317947002226,0.5965342103088487,0.5476108176304496,0.42445041565608765
0.3478573526042224,0.25812413752147584,0.43322748100801367,0.5990255668398325,0.5430307933417757,0.421413139645296
0.3841350719320772,0.28177238456950715,0.4359976804679249,0.6094422297093586,0.562059301722047,0.4417500128236468
0.36488595490494163,0.27251246892893766,0.43543725691925894,0.6053284516291254,0.557084721274391,0.4327594377071983
0.40547471917906036,0.2819083669587953,0.4303319175603138,0.6126533318178451,0.5561559238555289,0.44113287255587896
0.37526818238979176,0.3187436994715203,0.44919416854513905,0.6120805908236326,0.6032623840748323,0.4850353082531794
0.3613812981496689,0.3119204854126668,0.45084919369820387,0.6107327906663447,0.5979060032525516,0.47884088959326326
0.38865015818941284,0.3314638457209129,0.44706960442793664,0.6157018800187558,0.6093735640481632,0.5035123205451305
0.3432223812579261,0.24277341311594267,0.42510139503006217,0.5938198612092745,0.5272891111105317,0.41518436739212733
0.35299842501791967,0.24458173845816245,0.4260454500991437,0.5964870222994998,0.5324291013276611,0.412831995689412
0.3765531166953534,0.26550524112602714,0.43011580951777084,0.6059585348188377,0.5468490103107375,0.42546102635843563
0.39277597015105503,0.27361070798711823,0.43076876994920954,0.6099524180006218,0.5499601759214693,0.43480104951784193
0.363255126806641,0.25741736879852234,0.4300890354044576,0.6017967557713922,0.5397032224685014,0.4203695642116387
0.41973404561408767,0.2789394902705367,0.4255095888506039,0.6138152510492457,0.5485937804916825,0.43999671095246606
0.3445771412495446,0.31877272392627193,0.4579504324193515,0.6086533437805922,0.6123361665267836,0.48886712055599624
0.3189012372182901,0.2838816845216172,0.44948061762611996,0.59763599880591,0.5803459957379239,0.4482245527218101
0.32228865768489406,0.2648662350416105,0.44001024860902066,0.5939482961285318,0.5553485138331127,0.4283219530341338
0.34616540892952496,0.2265721592215417,0.4142600750216631,0.5915632673114517,0.5137158479758863,0.40762366414907747
0.3369441156029708,0.2306996561134181,0.41810940834357313,0.5901280449809935,0.5180849379204446,0.40994137729144375
0.3289068082607847,0.24785507704450252,0.4296762323634399,0.5917607833439668,0.535091721199021,0.41721046074063106
0.36411333012717106,0.331815714240994,0.45584907219141557,0.6126590134796532,0.6235723125647767,0.5063481157187851
0.3426725383702851,0.21242160260076365,0.40432687440777315,0.5869513949193337,0.5080562062602287,0.4033482652179973
0.34973585212092384,0.20434983245270402,0.3969497880492124,0.5863290288224261,0.5101812916627598,0.4026585934379698
0.347857071479829,0.19196014405654988,0.38751821757010024,0.5831208172974586,0.5084243196058348,0.40355675437892924
0.35522432761320655,0.17444293059073102,0.37106535437632576,0.581533333360313,0.5085931479842315,0.40531524545646197
0.36263704675043623,0.1518619307173827,0.34624309352649,0.5758009234034247,0.5199213674153755,0.41127894874759185
0.3534911634172023,0.16627605213625635,0.3621883927039369,0.5786350615684511,0.5096400875627701,0.40516865352366954
0.37627375845334765,0.33993349456195887,0.4531876235761392,0.6154066391813764,0.6302069372120314,0.5165188957732244
0.3722971003875271,0.1372069158424216,0.3270571315049958,0.5723758332456814,0.5364723381531922,0.4230366962793997
0.36962144500149163,0.3723653456163544,0.45788439522724717,0.6170649147850549,0.6841785363656845,0.5688962867965814
0.6040682643993929,0.26580243801560416,0.34458098619988703,0.624701389012813,0.5218475036034933,0.44412804630906844
0.3127824922207126,0.3018205672391058,0.4579044102998444,0.6001032103914604,0.6059029821486017,0.4679505462775479
0.30780914967068945,0.27640983542978165,0.4474294821172043,0.5930456187239576,0.5734378569266966,0.440416727293264
0.31199444930194026,0.25870882512096954,0.43797843536430897,0.5901368964138487,0.5502383678003887,0.4246542463620884
0.40151580497295425,0.3473345439609883,0.4418858920448328,0.6172361226165178,0.6226215235111154,0.5296892427822429
0.4278274153085496,0.15965991068367974,0.3460774202025223,0.5933710353019467,0.527111659083824,0.4052112104809732
0.34230336777012066,0.33802970200627996,0.463729243128429,0.611000080121785,0.6418541658728302,0.5169067356168542
0.30667930380578157,0.31968291701315,0.466122774917089,0.6024490661226466,0.640365643679231,0.49129823467059697
0.4668293652020764,0.17720316730738697,0.35629703024993553,0.6030787878574545,0.5226151477403755,0.40096525816213086
0.33166472751843606,0.3637658221825144,0.4729493139521277,0.6128474209132215,0.6906599695570413,0.5577911483174759
0.3008213031479156,0.29545955039908045,0.4578067995738501,0.5957074656160067,0.6013994116810576,0.4623735429821493
0.29606054246736174,0.2729952113601021,0.447318023386287,0.5900276355488704,0.5763559193985182,0.4375928854776983
0.299987429716351,0.2596100543567905,0.43960068214763726,0.5870405896922591,0.5554798983862826,0.4291318583198733
0.5853597271189805,0.30458855780891003,0.35265857399541306,0.6247704731219106,0.5319763391702368,0.4814366241989873
0.31671114746846285,0.24200175310067112,0.4268722346542467,0.5877772220652787,0.532159210690919,0.41641822352332697
0.3698425825420673,0.24541242387842116,0.42347151301419395,0.6016784595569045,0.5318033848403347,0.41154823966426723
0.3861043317011382,0.2568490831784295,0.42450211860455195,0.6056123250304264,0.5383176736414349,0.4201521584141689
0.40428937659280856,0.26628664879652936,0.42570672959101,0.6108571362730967,0.5403529010392817,0.42641009134819075
0.44417577985850437,0.27504885142433155,0.41637242775563194,0.6160734829596083,0.539604404290399,0.4373447049251128
0.49990610633971083,0.3460139890088266,0.3911624605607588,0.6233461011429886,0.5830598461798249,0.5269648511480305
0.35956944501080007,0.2312811930792724,0.4163491849377016,0.5948108021490565,0.5222552607056601,0.4068947865307823
0.28461320581429944,0.2652084987021622,0.44420100798634704,0.5841888674739626,0.5717754678701507,0.4335489851647442
0.2842746287639109,0.2791437089657347,0.452151502483578,0.5877297506179898,0.5915215350393139,0.44393438498205784
0.2720717005475389,0.27021496204618295,0.44727539425689483,0.5828363410544959,0.5857340978289866,0.4385605139811
0.1340586980563771,0.2354367931587521,0.4125585488409036,0.5194753364355632,0.6355756787911965,0.45139194219464834
0.26400988587566715,0.2599015260033597,0.4421541187057268,0.5778939100653225,0.5772749528946205,0.4325442373092585
0.25287456473984143,0.26363973786451744,0.4463461400611094,0.5754609233118964,0.5863042419344453,0.4382040906019595
0.23673360690387196,0.25633601881494117,0.4434736759798922,0.5659955283800474,0.5872235096291675,0.4408872567123833
0.21343224801632202,0.2533646059700975,0.4413704676955628,0.5559604569309282,0.5886364969365131,0.44175299850430344
0.1882057455694842,0.24679795758856365,0.4311075630736496,0.544355067163217,0.59938640587285,0.43998712863089734
0.1665670935137099,0.24260067919305564,0.4239073176893779,0.5352329146441687,0.6152290809034262,0.44312383979508946
0.20625137658108336,0.24668889653209436,0.43551199616554453,0.5507493429030549,0.5850352043584806,0.435995344365185
0.17675452674207387,0.2401902804967488,0.4241284342607308,0.5382046737320593,0.6022717919653117,0.44007289634507396
0.1549234891501572,0.2369302155749546,0.4166859045751082,0.5286406582973999,0.61868695098171,0.4453606587180537
0.2493222182362841,0.2558265857060754,0.44182271003947876,0.5704952466930153,0.5800756780439934,0.4356175002580052
0.22238031961819466,0.2507329016237393,0.43944926035340276,0.5589585782732907,0.584195989690822,0.4376154781795023
0.47373985888373377,0.3059606919024306,0.40672258805627914,0.6204913498139993,0.5584932587741198,0.47696381009890676
0.5614430201687794,0.2542095810098089,0.3619503384328279,0.6242621879462176,0.5143415849958396,0.4281904726913531
0.2917689161357433,0.30719607850227676,0.46489484366017525,0.5969300566508253,0.6237896199027144,0.47523334604094947
0.2974784095645642,0.33326272427833614,0.47331411777205085,0.6034656695366041,0.6672533458923923,0.511568303584609
0.32507864513866164,0.2278016333860574,0.4176517181076667,0.5861831275843132,0.5213578679331091,0.41080085855788173
0.30049377035688896,0.24386363692365873,0.4296815763056853,0.5836457009791359,0.5420639336635213,0.42043068554017404
0.2859758619157631,0.25106033944302397,0.4352531864726301,0.5818106721896342,0.5566072719076053,0.42538817447027594
0.280850999218972,0.2950137235031767,0.4599951792215857,0.5907142371228314,0.6144544923064661,0.45974826579591704
0.28848898872814016,0.3647198349199898,0.4854854124981884,0.6072278785898175,0.7324638417876289,0.5603220721821358
0.42730638165054396,0.26980167740014105,0.4202495610667304,0.6139339172108516,0.5415728263569087,0.4318388093303003
0.28963884159141556,0.2921737662021941,0.45758863209814393,0.5922291209454927,0.6033411343106173,0.4576731502716804
0.2850459315932121,0.32107356494023104,0.4718050420851848,0.5982560538656724,0.6509942898095588,0.49321621973818813
0.4327289819281859,0.313182679145775,0.42669000104487864,0.6173271484996251,0.5735159969868198,0.4803164252704119
0.4706747406173442,0.3884823350729375,0.40061591315756423,0.6222230815224692,0.6507594614256337,0.6052203907928578
0.3574526924675537,0.3469136193306956,0.4613139949510457,0.613389157967179,0.6481076495057015,0.529453383483421
0.3526573181506522,0.3309300609718092,0.45867428837235097,0.6113826627878359,0.6279882275497318,0.5043235652323493
0.4152385140179354,0.26806188385145935,0.42361607128737827,0.6126861951929636,0.5437592794847594,0.42925075493404813
0.48998871191203586,0.20488460228086092,0.3692310521843897,0.6128080105573253,0.5176610339141631,0.40013497241885965
0.4980690944075355,0.44120200340831883,0.3707930458348856,0.6157486399191585,0.736783204580526,0.7044584487277717
0.098162833212693,0.23304885987227547,0.39971823741875384,0.4997247184351214,0.6881579221515131,0.47020822151900094
0.48465457299526377,0.3898186094187891,0.39286561454684,0.6218400345420884,0.6516327379949328,0.6060839531076122
0.45536318293578065,0.3842540688794142,0.4095265328832834,0.6221209479036546,0.6482292324013685,0.5960853262244258
0.3874953253740201,0.35016938395512315,0.44832156100040005,0.6168155245253424,0.6357010637333338,0.533849683457538
0.43121120816772,0.3543485287762749,0.4274066006544089,0.620037379422766,0.6156484726794129,0.5399138615146457
0.4935264086555101,0.4278274482591372,0.37791398093405454,0.6178088504957399,0.7328633477444928,0.6812643212937087
0.5184046910892521,0.2996559187087328,0.38552267888839503,0.6224947144408964,0.5449482342561532,0.47082646870693123
0.6298837707639448,0.3200273902529309,0.33023116743541603,0.622157742744618,0.5508548640728154,0.5020927442505893
0.5301208007000996,0.252088106950046,0.37413444270275187,0.622261075414411,0.521798226630268,0.42310743314855
0.6045081792695127,0.29922724587738564,0.3449932090047762,0.6248977326130064,0.5263636910464955,0.47735855228812146
0.3110175287438911,0.23011965497657838,0.4203371026725244,0.5830578522462936,0.5237355269545493,0.41256973220861465
0.3303324447090329,0.2108520215063521,0.40473529681039727,0.5830766078553932,0.5121022195675998,0.4062852689319654
0.41335396872899144,0.3605380392174705,0.4360906195067452,0.6196720637915718,0.6305037524448318,0.5506010430418429
0.3402567413523798,0.19978193092098734,0.3944999374403311,0.5831337822553702,0.5084032686260326,0.4046713820282737
0.39844117628400205,0.25275521244274696,0.42013078874587656,0.6072579702333156,0.5325318720636572,0.41699627081635526
0.38306807989198327,0.24175994889650798,0.4192981918492536,0.6031682839142278,0.5287931397320959,0.40884147792039477
0.3478780495616314,0.17940028427749208,0.37659169589549224,0.5802258152555456,0.5074896649870129,0.4045154797936449
0.3717099732676785,0.23015874218999344,0.41483631513265823,0.597969377589664,0.5202925726989521,0.4056128291598446
0.359916268237992,0.21786460505774574,0.4062880706733097,0.5930663370733492,0.5120468912165336,0.4038587291995788
0.2941799134675861,0.3204485223797292,0.46909302781567147,0.600778193718097,0.6448122671676844,0.491777617447915
0.2676719367505037,0.28785260420775327,0.4580958433834004,0.5847308132750865,0.6136612178050577,0.4541186148745624
0.2740095955905703,0.30741860575904634,0.4667463905536164,0.5919547120012943,0.6375646443545101,0.4753520888993134
0.2449704589709972,0.3708612395144756,0.49669201288180725,0.5998001867185982,0.7705114523794743,0.5777755345215045
0.5518073047627402,0.3360226585510426,0.3655458216196749,0.6233346134162804,0.5564906696677685,0.5190645458351115
0.5169078844455698,0.3228334191339617,0.38572222976100046,0.6230968842651955,0.5596323636205321,0.4960809854676606
0.6238306583363109,0.28225085551677354,0.3381031077835625,0.6244898039882498,0.5234886127400386,0.46191034432025124
0.48257818242675726,0.2901711530678941,0.4019326848779149,0.61987638337341,0.5467995849192656,0.4590196743649438
0.281436284485827,0.33838664133231866,0.4786705232471692,0.601605048765873,0.6882064732143054,0.5206386022999958
0.2717153450403022,0.3260316288555835,0.47579165885601177,0.5965293830249395,0.667478098898141,0.4999897266766721
0.3293387917761971,0.3442608033062644,0.4688669634731138,0.6106150088526453,0.6611553737798805,0.5260264028207636
0.5798100844540486,0.2832439018179229,0.35657976192154844,0.6239563928881092,0.5263637689023664,0.45826475090711866
0.5679913220940601,0.2855860159549205,0.36184741877015264,0.623997429916171,0.5286189028906035,0.45979769572078627
0.4120493694466748,0.2551571218406047,0.41869244059625804,0.609642527723064,0.5334505125270379,0.41812889064939857
0.334301110112897,0.3229883582671006,0.4619594043824284,0.6073850495962825,0.6250337132591051,0.4939459858203671
0.3962764312366141,0.2394127927993174,0.41484139562569416,0.6045493530253657,0.523381636859051,0.4078430522968204
0.5339757505005758,0.29608633350126534,0.3781366077743786,0.6230880418214924,0.5377236131460518,0.4664443757095565
0.3847661407160647,0.22905193061049506,0.4118448743482148,0.6007370421556174,0.5181264952673189,0.40465409991054074
0.38395971565873394,0.31049770939224763,0.44435895723819724,0.6127261693824968,0.5894687966903505,0.4762193450734731
0.26197619635279795,0.305041938575598,0.4675846443966744,0.5879280656318653,0.6401457439394804,0.47256684480568434
0.2549729095214473,0.2849540475411573,0.45699835952901696,0.5819812648625612,0.6143309151815773,0.4522614128304499
0.2732800027892944,0.24872421934944589,0.435067612976886,0.5769943746186844,0.5616275493032887,0.4259470586189278
0.29139096386878977,0.23547318068127043,0.4260403307526842,0.5784798275828499,0.5411794627185788,0.41830298022243595
0.31650290460622893,0.216713232781029,0.4110228520143047,0.5806981656036131,0.5176934371089673,0.4101872458538183
0.24095971092134935,0.2678045911695411,0.4494671143265884,0.571811421158035,0.5990895355229193,0.44613211535365743
0.5871051263734614,0.3190450963640824,0.3505878543802618,0.6239323613235986,0.5365945096541411,0.49847112990527936
0.5943033659340076,0.27778986763216923,0.34985852710510335,0.6243635533322122,0.5231998421908326,0.453657240956058
0.5698829888004684,0.32803200716651226,0.35795091750400737,0.6238577351559149,0.5469807921836914,0.5100158446445766
0.6110238156420614,0.2812682183876461,0.34310265522243905,0.6248362666587254,0.5222637192256003,0.4580692053968013
0.01778137034654891,0.6985933480473316,0.5052160973467331,0.5130077952843636,1.4358036148350806,1.2748984698577916
0.35421187061040954,0.27369101789757516,0.4388428999197103,0.6019452992546377,0.5608543557410473,0.4344366191442542
0.4914407959644267,0.21411370923134512,0.37391686748071346,0.6139354631888592,0.5160922179937636,0.4024705790976473
0.5162884035153121,0.35548431534526287,0.3807615306828415,0.6231688602934359,0.5901585133332992,0.5464401887689946
0.30196070116601104,0.22695787902846232,0.4188870637658238,0.5794971937320079,0.5268802730123939,0.41534993268974557
0.37238838747777697,0.21657022982650412,0.403787848240815,0.595267507197421,0.508784994539367,0.40105517283287667
0.42439372115168034,0.16246418992853814,0.34975344426497806,0.5937524853557448,0.5283047637398899,0.40518594984377315
0.45620671066984964,0.3161637667413665,0.41547897748078766,0.619009728487451,0.5684124432223562,0.4877116830380802
0.5247374784086719,0.37020327990735996,0.37347260992031334,0.6212292089307085,0.6059328806694771,0.5724774101747204
0.3706486334534468,0.35224532319650503,0.4563507164763151,0.6155696127551568,0.6518981103740473,0.5359226817594649
0.6548805111471576,0.35510936866453313,0.3055187320207165,0.6148865706654699,0.6494552448939577,0.5559043803003567
0.6211221389175967,0.3188061678322065,0.33497848927008594,0.6227336830962266,0.540378444482483,0.50006001085178
0.6013187068188164,0.31718123092820094,0.34489707149936466,0.6234453301418384,0.5379986893097223,0.4965924308571027
0.3622494062010487,0.20335517041452972,0.3950544869720112,0.5903556278374783,0.5086025351597122,0.4003571374225633
0.522909107398279,0.26028659975195995,0.37980910160559206,0.6221574843737584,0.524425464405824,0.4293590110583015
0.22722293075259248,0.2591895759389428,0.44524363516009613,0.5628651158962371,0.5919056217586366,0.44363840729237297
0.4822937279960699,0.19391640011731248,0.36418601830257186,0.6097227442613957,0.516990834637998,0.4006512518686658
0.5032513960658372,0.2671073683460847,0.39107691967803027,0.6208732663198875,0.5312577562811107,0.4331377501863621
0.2959846236057473,0.3477256308830536,0.4786187363820256,0.605474563716189,0.6943229035287691,0.531318567836069
0.4067846865977213,0.24171671942674433,0.41319443302261816,0.60656026839479,0.5212400259756236,0.41117948334561627
0.4246110567916813,0.25618828074953637,0.4164695526687178,0.6123499928075615,0.532122170600202,0.41805484199297616
0.4378680072943439,0.26406851066385123,0.41572621447419417,0.6142976612468442,0.5344191504610224,0.4271307127690647
0.3977942390725273,0.226270620115881,0.4074298683883391,0.6025303181615091,0.5155862827401103,0.40333961201117646
0.45247555939938766,0.26889422576217864,0.41136855445008835,0.6166732830466972,0.5343172668562661,0.4326525641888993
0.3864231304807554,0.2169083445439869,0.4026600912792343,0.5976546118516758,0.5109434591258765,0.4013674380078475
0.48794690422189446,0.25471101534116,0.39387455330981974,0.6190626018803602,0.5278401239089262,0.42487541976246856
0.26762944305901576,0.3456029578125936,0.4836961320118357,0.5999745289776109,0.7073327685158161,0.5311422304194517
0.2600426217717949,0.32769071429013386,0.4780796149878683,0.594336126999021,0.6759096288333033,0.50476370992255
0.25005392480903954,0.30108922081367395,0.4668885749221939,0.5845698356787044,0.6416457280319348,0.47237005245824604
0.25560507505558316,0.31434802123070166,0.4725180066329737,0.588791480334824,0.6562151693489678,0.48512486443891945
0.4172016421943584,0.24165487067162264,0.4104539498029358,0.6083481137370843,0.5221553115553748,0.4115741793663947
0.40871807922712555,0.22886050138341738,0.4065882775125826,0.6048325884475044,0.5176500277899089,0.4057170583656899
0.43423287443031755,0.1678985133349079,0.35353097184348314,0.5966834911240918,0.5210687642907427,0.40338431844330386
0.4555868228450509,0.3462453422447017,0.41422371639933186,0.6204531275665365,0.5962667343924867,0.5301497378732543
0.4068042385782035,0.1447234350465844,0.33198248875175457,0.584383273377083,0.5384093142434708,0.4141627565529548
0.2613619234175275,0.24552533343670255,0.43462705580682454,0.5719542237689957,0.5637028308047985,0.4268014198860957
0.24313828205048696,0.2850143902020432,0.45850231715617373,0.5784027833861142,0.6222095522256511,0.45710389909023885
0.27794373462498306,0.23671782925076312,0.42718476935719013,0.5752524874454209,0.5472346813215874,0.4197590421457966
0.32736253218518985,0.19900028135859707,0.39524147046714336,0.5792178116526763,0.5101594850534138,0.40513313795410566
0.372374458579529,0.14462251260155462,0.3365706294518748,0.575658035844172,0.5249554057766418,0.41862411212772266
0.3537653696966048,0.36338830516673576,0.465473791692495,0.6156467658746706,0.6770743938695236,0.556265927783612
0.4130671819830007,0.31617939357782626,0.4349160717353174,0.6160182204986527,0.5824067811321525,0.4843630132988903
0.34337516123243145,0.3527552930351901,0.46695750509553346,0.6130232228833019,0.6614903436702684,0.5400101106890327
0.5038482224545234,0.36294239712605725,0.38587923123284595,0.6233321170395817,0.6036496144427247,0.5593343975675955
0.47761521370750487,0.3341461768060228,0.4038507615553029,0.6213240784792887,0.5781142546668419,0.5112372963011781
0.6383022580869774,0.33282434928757926,0.3225756771174678,0.6195692999381518,0.5791781871152651,0.5176035571659292
0.3369816446050324,0.1889270575347568,0.3862614555673397,0.5795595686508443,0.5107278918784713,0.4056697208874885
0.4971211572972097,0.2489156502222398,0.38852295384379343,0.6189400973283871,0.524926513278762,0.4211113299439982
0.3079210342422844,0.3464217464632544,0.47460369794250173,0.6068158293435026,0.6825644450564843,0.5305377454851989
0.37431631061442433,0.2789954046138489,0.4365914177071551,0.6077729262817116,0.5628961822002606,0.438056894993893
0.28285856045176405,0.3781313739436082,0.49003298183379734,0.6082610871357627,0.7626645093222377,0.5860169001960788
0.44699401036732184,0.30237106201596065,0.42005069239684206,0.6178608752796526,0.5602028372969506,0.4689716477242056
0.37553891635592096,0.2051718494084583,0.39464196410818214,0.5939856996925772,0.5087808331885217,0.39880082980291764
0.3998373712599149,0.21373265968500413,0.3985585505240324,0.6000922627507133,0.5133689197584087,0.4014849008282675
0.389469322723736,0.20736460249740432,0.39427832260896806,0.5970177256283589,0.5085616381428446,0.3980858105971784
0.14395618387261896,0.37009274377127005,0.5008364119408408,0.567133509737889,0.864026602460527,0.5952979598901543
0.30636754800997856,0.21338169944151128,0.40841596414677567,0.577162211234584,0.5195116284095969,0.410355019769349
0.2916665887986892,0.22280518036873637,0.41649279876950873,0.575126061075334,0.530898712322433,0.41409893951597
0.14800933787528467,0.24099840868237618,0.4188158930600984,0.5272887884140245,0.6303740392738489,0.4519938777109901
0.31738900565540823,0.20517115971654604,0.40139441936090836,0.5782959132690279,0.5133730268706886,0.4083720334203905
0.4301275807757326,0.3401477477772868,0.42809336598848896,0.6187464742963428,0.6023152043536713,0.5173111318773082
0.19352306436288444,0.24290786537381096,0.42905138250518565,0.5453892064705663,0.5918390962739182,0.437285110092477
0.3070890790042834,0.380644720437956,0.4847349308230156,0.6119737559156945,0.7467113761216296,0.5876068307807476
0.505325217070794,0.30137190168925565,0.3918009657393591,0.621992701607688,0.5530810961798514,0.471484336295695
0.5209389353038322,0.3400120322307997,0.38099489063773584,0.6238516149876772,0.573134610442796,0.519741627569033
0.5114492296604372,0.24223522833760167,0.3804079836489549,0.6194150008377486,0.518625054614695,0.41735598403036916
0.26064846825305255,0.3630945011364143,0.49136254078475367,0.6021474829727069,0.7472423135484876,0.5595451154617364
0.27716114518388646,0.35592309644696907,0.4860767980526665,0.6044649298534888,0.7243331057427717,0.5472071897000085
0.4692725541122163,0.25909900399949304,0.4023021613277116,0.6172875218934818,0.531864605365794,0.42650052966985497
0.4484812872676171,0.25777460941477237,0.4098259772033426,0.6146934656454446,0.530033513991566,0.4230325713545112
0.4337008690046016,0.2515658411960995,0.41172056254381595,0.6129006258435941,0.5260988557397912,0.4152754799179016
0.45895889783161287,0.2610396456554294,0.4078626205850197,0.616068537406759,0.5302671178482619,0.42657887702957514
0.5392176573277312,0.3129020026480019,0.37530603334885143,0.6242376674635048,0.54712355892733,0.4853473752137182
0.4400745364354739,0.3884259802499874,0.4189682087457911,0.621479862771351,0.6592070861881861,0.6016649563227151
0.3644408002792388,0.18962128778327253,0.3833372728703348,0.5867336203526589,0.5103760881194299,0.40047077009729254
0.4345702265240838,0.3787559651862309,0.42240870775975625,0.6212464259518441,0.6512002654006657,0.5840556824817671
0.5552169150440505,0.27681996219853705,0.36721060716918896,0.6240782913996736,0.5251147770724623,0.4494930170280009
0.4771331673108653,0.40276506009412294,0.39504082566630605,0.6209351921581455,0.6785285591151545,0.6299606607786298
0.4600309450254397,0.3963967266174498,0.40580363883233,0.621760604882141,0.6710219495732207,0.6175532842869785
0.5503255140137963,0.25241328834892224,0.3657868195941734,0.6235273701032609,0.5196138210817958,0.42696351421565754
0.3621013423772913,0.16481913281101873,0.3598965218293459,0.5808164673427724,0.5125288713356858,0.40532901865738535
0.4973570775586854,0.46078330273860896,0.3653759161300701,0.6128143487922987,0.7860800381223508,0.744900694248442
0.6210088728762955,0.2707911426272539,0.33805113516291063,0.6248990197683181,0.5232336535780542,0.4484595569571173
0.3198812431591719,0.38123708586107,0.48047076920634607,0.6134333893891014,0.7372905386156829,0.5893405645637405
0.3830789127620558,0.29505167768715873,0.44099188768044834,0.6112396912992873,0.5751538307555629,0.4544288478753556
0.4007409487042086,0.3617144523023732,0.4427674963712067,0.6183817244016278,0.6410457355501087,0.5520249562556893
0.3766930058724955,0.2541086418906688,0.42541738141720115,0.603556611248634,0.5348797902506269,0.4170217770547636
0.36304753807003515,0.3017963425962842,0.4478849881225635,0.6094695365265562,0.5871268568497409,0.4632877819589284
0.41203141985878095,0.2173430631053615,0.3987875935067972,0.6035789931919343,0.5151046598743337,0.40148662852455635
0.4202421938051191,0.23063619554547563,0.4036882247154005,0.6072038155744903,0.5219022109466247,0.4033138170942275
0.5470231402307704,0.26137348556525997,0.3695827183006049,0.6239789589524132,0.5209981489214963,0.43219459943198757
0.4258626917097394,0.24211966122210324,0.40842000061363637,0.6095621088023093,0.5223648764042197,0.409520081032061
0.6271162979359317,0.24684279919912328,0.3332212951559935,0.6258098942928338,0.522291925431045,0.4350234198658456
0.5148503332575977,0.38975057797547064,0.37528198959606035,0.6197538903969434,0.6404873953063411,0.6045608430589295
0.3960810971406026,0.2842213109262528,0.4342053055604661,0.6117639326384241,0.5602876193180112,0.44453231520872155
0.4794239947178326,0.257738234497813,0.39812518863031654,0.6178236761126993,0.5292217195339949,0.4262156809514276
0.3530463503353189,0.31703722531031747,0.4546593185792966,0.6098440208341129,0.6066812728144867,0.4849242807242437
0.2538245856545373,0.3420683973362983,0.4842177870753675,0.5958955089170419,0.706888149053546,0.5261117072654822
0.5248589093019428,0.24182210458715803,0.3745184101270584,0.6206474060538035,0.5180420467331522,0.41832811818295024
0.24684014859715045,0.32380456892574516,0.477893013011786,0.5885917769567537,0.6851175493301941,0.5028051410570277
0.5368982978484508,0.24721653915265235,0.3699326667734976,0.6228303239037182,0.5239058539743333,0.4199444807973367
0.23998525984296565,0.3042056705186357,0.46949775449141834,0.5823947705849859,0.6562437419942326,0.47653354374073736
0.23150271549832757,0.28249841478093424,0.45876186342098674,0.5726061215643888,0.6253745076716268,0.46026023066475136
0.24630823978177122,0.24271728086349942,0.4345640795818355,0.5651011789077212,0.5657176419255432,0.43086188517560725
0.2657871661273019,0.23277001773469044,0.42604459964718006,0.5694338468158883,0.5460350635227043,0.42274222805713757
0.279377243373326,0.22580086261629986,0.4198808250169544,0.5722883230918057,0.5356881645911185,0.41841041247671396
0.5745327609974572,0.2702516216563912,0.3581435627951683,0.6243463193582721,0.5226555501011203,0.44544491472988
0.5693217326904229,0.25795803726163563,0.3595586927707382,0.6244017971540258,0.5158293871239171,0.43376235663774215
0.4060632814715965,0.2048788282585089,0.38993689956013955,0.5996301161369757,0.5078646107373473,0.39675732118960644
0.4110687409401341,0.343975703685052,0.4380701557526257,0.6175701992656659,0.6134962519819043,0.5239014878837537
0.26160131643825474,0.27421305159985715,0.4501501213201877,0.580675545882903,0.5949030713981689,0.44387092626588304
0.48518890365918443,0.20319189686793504,0.3696316026059951,0.6121329288539348,0.5190014994156423,0.40050513287207035
0.38043507689756534,0.19375780035335777,0.3851523596106115,0.5916668596290741,0.506727736545303,0.39728672664755244
0.2000696578180852,0.2509007198465555,0.4375305818253072,0.5500507007621166,0.5943020996394109,0.4396039186775623
0.3954371965170834,0.19866087650240574,0.3869173408028119,0.5961411492673699,0.5062359029862119,0.3975398208077758
0.5564336867209679,0.34421524495433864,0.3615309952535649,0.6230429640667233,0.562866733869751,0.5316429770345804
0.41209185208241894,0.28551423574663803,0.4298818905115275,0.6129674369802519,0.5548619870672543,0.44584838957987766
0.5611626336375348,0.3341422913860936,0.36086395728961757,0.6235849931105332,0.5522220823890255,0.5172794269801242
0.521457279509201,0.2729543013138835,0.38413147981903073,0.6225643809023649,0.5279093169554668,0.4410963650858424
0.4149223307746648,0.2332518949323096,0.40657608753493446,0.6068808184823568,0.5217815093997508,0.40601852823288054
0.426104392214842,0.32197578845940683,0.4299770115839525,0.6172301086634593,0.5840434502338672,0.4927727979571895
0.4898018389597957,0.3265354688776951,0.39847997171954447,0.622050832963683,0.5735763156009974,0.5010281165845423
0.23383651696107313,0.24434072410467034,0.4345135938382245,0.5607759537275406,0.5698154214202334,0.4333856570076379
0.5445961725528218,0.35595104019534246,0.3652243359482555,0.6216996595141351,0.5799544978754262,0.5497971154107794
0.3466064445922077,0.28431030003197594,0.44395996066872007,0.6031441005743359,0.571607045022131,0.4461639909771849
0.4440170090564574,0.326341770480112,0.4210858802179943,0.6188811345580607,0.5811265360431088,0.5016479481948426
0.7235771155966868,0.01,0.006191949451950371,0.037313914397688476,0.8836126908524574,0.6247459260244377
0.3889369655374251,0.2636570762604184,0.42696267473608135,0.6081705877969332,0.5452902061027438,0.42411111991182493
0.3835149282317764,0.20255328070378414,0.3914965953096658,0.5952171691164354,0.5061888032655307,0.3978441169155002
0.4695351691645811,0.35013497087239526,0.4061295703978505,0.6220892827156111,0.6010216327159824,0.5378253496962723
0.6094343343962748,0.24713049980992252,0.34015029050470336,0.6251143177871747,0.520077969684387,0.43133583634212735
0.4001941078813317,0.20806561711995727,0.3934298602357367,0.5988340577320609,0.5098934949178996,0.3981846547402298
0.5224899668584168,0.31068069213756366,0.38341691430658675,0.622749232238666,0.5508886078185925,0.48065618399301063
0.595039091251674,0.2485300356002969,0.3460215752204327,0.6250987236562228,0.5214392906458406,0.4295902174212189
0.488603530291442,0.23962896238137546,0.38773002387189665,0.6173581442312155,0.5203550602588207,0.4139766379607026
0.4484008360479714,0.28923885086427925,0.4177900106037041,0.6167175766206807,0.5464574308135779,0.452191191326919
0.39451156434461854,0.3398698622896485,0.44467003146222095,0.6164339060654852,0.6167260157343878,0.518004821611682
0.49442633623831367,0.225946994983723,0.37928344680954273,0.6169298593582283,0.5166717568855292,0.40586978343877883
0.47017347127163395,0.2485750766900555,0.39798667748692934,0.6158743793636936,0.5251478867785452,0.4181360593999523
0.44043845119620223,0.24646275735179385,0.4069408258554452,0.6130013345074833,0.5218108858752273,0.41157957279937873
0.45642541238922246,0.2501068120649373,0.4036800399782136,0.614886804489373,0.5242627938201746,0.417351296498729
0.48055333816744966,0.24767831883206573,0.3938180541645375,0.6171833534762531,0.523220218741593,0.41950676830072037
0.37099157159551305,0.19714176372644493,0.3887451976365345,0.5904758863379334,0.508231042421088,0.39837075854419607
